Schema codes for Hilston park,,,,,,,,
Schema type,Implementation area - Sitewide,schema code,,,,,,
Organization,Sidewide,"<script type=""application/ld+json"">
{
  ""@context"": ""https://schema.org"",
  ""@type"": ""organisation"",
  ""name"": ""Hilston Park"",
  ""url"": ""https://hilstonpark.com/"",
  ""logo"": ""https://hilstonpark.com/Logo/Hilston_Park_Logo_3_Black.webp"",
  ""contactPoint"": {
    ""@type"": ""ContactPoint"",
    ""telephone"": ""+44 (0) 1902 50000"",
    ""contactType"": ""customer service"",
    ""areaServed"": ""GB"",
    ""availableLanguage"": ""en""
  },
  ""sameAs"": [
    ""https://www.youtube.com/@HilstonPark"",
    ""https://www.instagram.com/hilstonparkofficial/"",
    ""https://www.facebook.com/hilstonparkofficial""
  ]
}
</script>",,,,,,
LocalBusiness,Sidewide,"{
  ""@context"": ""https://schema.org"",
  ""@type"": ""LocalBusiness"",
  ""@id"": ""https://hilstonpark.com/#localbusiness"",
  ""name"": ""Hilston Park"",
  ""url"": ""https://hilstonpark.com/"",
  ""logo"": ""https://hilstonpark.com/Logo/Hilston_Park_Logo_3_Black.webp"",
  ""image"": ""https://hilstonpark.com/Logo/Hilston_Park_Logo_3_Black.webp"",
  ""description"": ""Hilston Park is an outdoor adventure, activity, education, conference and events venue located in Monmouthshire, Wales, offering residential school trips, team building, weddings, corporate events and outdoor experiences."",
  ""telephone"": ""+44 1600 240033"",
  ""email"": ""booking@hilstonpark.com"",
  ""priceRange"": ""££"",
  ""currenciesAccepted"": ""GBP"",
  ""paymentAccepted"": ""Cash, Credit Card, Debit Card"",
  ""address"": {
    ""@type"": ""PostalAddress"",
    ""streetAddress"": ""Hilston Park"",
    ""addressLocality"": ""Newcastle"",
    ""addressRegion"": ""Monmouthshire"",
    ""postalCode"": ""NP25 5NY"",
    ""addressCountry"": ""GB""
  },
  ""geo"": {
    ""@type"": ""GeoCoordinates"",
    ""latitude"": 51.86593449958543,
    ""longitude"": -2.8049438907672797
  },
  ""areaServed"": {
    ""@type"": ""Country"",
    ""name"": ""United Kingdom""
  },
  ""sameAs"": [
    ""https://www.facebook.com/hilstonparkofficial"",
    ""https://www.instagram.com/hilstonparkofficial/"",
    ""https://www.youtube.com/@HilstonPark""
  ],
  ""openingHoursSpecification"": [
    {
      ""@type"": ""OpeningHoursSpecification"",
      ""dayOfWeek"": [
        ""Monday"",
        ""Tuesday"",
        ""Wednesday"",
        ""Thursday"",
        ""Friday""
      ],
      ""opens"": ""09:00"",
      ""closes"": ""17:00""
    }
  ]
}",,,,,,
WebSite,Sidewide,"{
  ""@context"": ""https://schema.org"",
  ""@type"": ""WebSite"",
  ""@id"": ""https://hilstonpark.com/#website"",
  ""url"": ""https://hilstonpark.com/"",
  ""name"": ""Hilston Park"",
  ""description"": ""Hilston Park is an outdoor adventure, education, accommodation and events venue in Monmouthshire, Wales."",
  ""publisher"": {
    ""@id"": ""https://hilstonpark.com/#organization""
  },
  ""inLanguage"": ""en-GB""
}",,,,,,
