Schema type,Implementation area - Page Wise,Breadcrumb Schema Markup
 ,,
 Breadcrumb,https://hilstonpark.com/blog/school-trip-at-hilston-park,"<script type=""application/ld+json"">
{
  ""@context"": ""https://schema.org"",
  ""@type"": ""BreadcrumbList"",
  ""@id"": ""https://hilstonpark.com/blog/school-trip-at-hilston-park#breadcrumb"",
  ""itemListElement"": [
    {
      ""@type"": ""ListItem"",
      ""position"": 1,
      ""name"": ""Home"",
      ""item"": ""https://hilstonpark.com/""
    },
    {
      ""@type"": ""ListItem"",
      ""position"": 2,
      ""name"": ""Blog"",
      ""item"": ""https://hilstonpark.com/blogs""
    },
    {
      ""@type"": ""ListItem"",
      ""position"": 3,
      ""name"": ""School Trip at Hilston Park"",
      ""item"": ""https://hilstonpark.com/blog/school-trip-at-hilston-park""
    }
  ]
}
</script>"
,,
 Breadcrumb,https://hilstonpark.com/blog/group-accommodation,"<script type=""application/ld+json"">
{
  ""@context"": ""https://schema.org"",
  ""@type"": ""BreadcrumbList"",
  ""@id"": ""https://hilstonpark.com/blog/group-accommodation#breadcrumb"",
  ""itemListElement"": [
    {
      ""@type"": ""ListItem"",
      ""position"": 1,
      ""name"": ""Home"",
      ""item"": ""https://hilstonpark.com/""
    },
    {
      ""@type"": ""ListItem"",
      ""position"": 2,
      ""name"": ""Blog"",
      ""item"": ""https://hilstonpark.com/blogs""
    },
    {
      ""@type"": ""ListItem"",
      ""position"": 3,
      ""name"": ""Group Accommodation"",
      ""item"": ""https://hilstonpark.com/blog/group-accommodation""
    }
  ]
}
</script>"
,,
 Breadcrumb,https://hilstonpark.com/blog/team-building-activities,"<script type=""application/ld+json"">
{
  ""@context"": ""https://schema.org"",
  ""@type"": ""BreadcrumbList"",
  ""@id"": ""https://hilstonpark.com/blog/team-building-activities#breadcrumb"",
  ""itemListElement"": [
    {
      ""@type"": ""ListItem"",
      ""position"": 1,
      ""name"": ""Home"",
      ""item"": ""https://hilstonpark.com/""
    },
    {
      ""@type"": ""ListItem"",
      ""position"": 2,
      ""name"": ""Blog"",
      ""item"": ""https://hilstonpark.com/blogs""
    },
    {
      ""@type"": ""ListItem"",
      ""position"": 3,
      ""name"": ""Team Building Activities"",
      ""item"": ""https://hilstonpark.com/blog/team-building-activities""
    }
  ]
}
</script>"
,,
 Breadcrumb,https://hilstonpark.com/blog/wye-valley-estate,"<script type=""application/ld+json"">
{
  ""@context"": ""https://schema.org"",
  ""@type"": ""BreadcrumbList"",
  ""@id"": ""https://hilstonpark.com/blog/wye-valley-estate#breadcrumb"",
  ""itemListElement"": [
    {
      ""@type"": ""ListItem"",
      ""position"": 1,
      ""name"": ""Home"",
      ""item"": ""https://hilstonpark.com/""
    },
    {
      ""@type"": ""ListItem"",
      ""position"": 2,
      ""name"": ""Blog"",
      ""item"": ""https://hilstonpark.com/blogs""
    },
    {
      ""@type"": ""ListItem"",
      ""position"": 3,
      ""name"": ""Wye Valley Estate"",
      ""item"": ""https://hilstonpark.com/blog/wye-valley-estate""
    }
  ]
}
</script>"
,,
 Breadcrumb,https://hilstonpark.com/blog/why-schools-choose-hilston-park,"<script type=""application/ld+json"">
{
  ""@context"": ""https://schema.org"",
  ""@type"": ""BreadcrumbList"",
  ""@id"": ""https://hilstonpark.com/blog/why-schools-choose-hilston-park#breadcrumb"",
  ""itemListElement"": [
    {
      ""@type"": ""ListItem"",
      ""position"": 1,
      ""name"": ""Home"",
      ""item"": ""https://hilstonpark.com/""
    },
    {
      ""@type"": ""ListItem"",
      ""position"": 2,
      ""name"": ""Blog"",
      ""item"": ""https://hilstonpark.com/blogs""
    },
    {
      ""@type"": ""ListItem"",
      ""position"": 3,
      ""name"": ""Why Schools Choose Hilston Park"",
      ""item"": ""https://hilstonpark.com/blog/why-schools-choose-hilston-park""
    }
  ]
}
</script>"
,,
 Breadcrumb,https://hilstonpark.com/blog/school-trip-catering-dietary-options,"<script type=""application/ld+json"">
{
  ""@context"": ""https://schema.org"",
  ""@type"": ""BreadcrumbList"",
  ""@id"": ""https://hilstonpark.com/blog/school-trip-catering-dietary-options#breadcrumb"",
  ""itemListElement"": [
    {
      ""@type"": ""ListItem"",
      ""position"": 1,
      ""name"": ""Home"",
      ""item"": ""https://hilstonpark.com/""
    },
    {
      ""@type"": ""ListItem"",
      ""position"": 2,
      ""name"": ""Blog"",
      ""item"": ""https://hilstonpark.com/blogs""
    },
    {
      ""@type"": ""ListItem"",
      ""position"": 3,
      ""name"": ""School Trip Catering & Dietary Options"",
      ""item"": ""https://hilstonpark.com/blog/school-trip-catering-dietary-options""
    }
  ]
}
</script>"
,,
,,
 Breadcrumb,https://hilstonpark.com/blog/adventure-activities-school-groups,"<script type=""application/ld+json"">
{
  ""@context"": ""https://schema.org"",
  ""@type"": ""BreadcrumbList"",
  ""@id"": ""https://hilstonpark.com/blog/adventure-activities-school-groups#breadcrumb"",
  ""itemListElement"": [
    {
      ""@type"": ""ListItem"",
      ""position"": 1,
      ""name"": ""Home"",
      ""item"": ""https://hilstonpark.com/""
    },
    {
      ""@type"": ""ListItem"",
      ""position"": 2,
      ""name"": ""Blog"",
      ""item"": ""https://hilstonpark.com/blogs""
    },
    {
      ""@type"": ""ListItem"",
      ""position"": 3,
      ""name"": ""Adventure Activities for School Groups"",
      ""item"": ""https://hilstonpark.com/blog/adventure-activities-school-groups""
    }
  ]
}
</script>"
,,
 Breadcrumb,https://hilstonpark.com/blog-thrilling-adventures,"<script type=""application/ld+json"">
{
  ""@context"": ""https://schema.org"",
  ""@type"": ""BreadcrumbList"",
  ""@id"": ""https://hilstonpark.com/blog-thrilling-adventures#breadcrumb"",
  ""itemListElement"": [
    {
      ""@type"": ""ListItem"",
      ""position"": 1,
      ""name"": ""Home"",
      ""item"": ""https://hilstonpark.com/""
    },
    {
      ""@type"": ""ListItem"",
      ""position"": 2,
      ""name"": ""Blog"",
      ""item"": ""https://hilstonpark.com/blogs""
    },
    {
      ""@type"": ""ListItem"",
      ""position"": 3,
      ""name"": ""Thrilling Adventures"",
      ""item"": ""https://hilstonpark.com/blog-thrilling-adventures""
    }
  ]
}
</script>"
,,
 Breadcrumb,https://hilstonpark.com/blog/early-bird-school-trip-booking,"<script type=""application/ld+json"">
{
  ""@context"": ""https://schema.org"",
  ""@type"": ""BreadcrumbList"",
  ""@id"": ""https://hilstonpark.com/blog/early-bird-school-trip-booking#breadcrumb"",
  ""itemListElement"": [
    {
      ""@type"": ""ListItem"",
      ""position"": 1,
      ""name"": ""Home"",
      ""item"": ""https://hilstonpark.com/""
    },
    {
      ""@type"": ""ListItem"",
      ""position"": 2,
      ""name"": ""Blog"",
      ""item"": ""https://hilstonpark.com/blogs""
    },
    {
      ""@type"": ""ListItem"",
      ""position"": 3,
      ""name"": ""Early Bird School Trip Booking"",
      ""item"": ""https://hilstonpark.com/blog/early-bird-school-trip-booking""
    }
  ]
}
</script>"
,,
 Breadcrumb,https://hilstonpark.com/blog/adventure-at-hilston-park,"<script type=""application/ld+json"">
{
  ""@context"": ""https://schema.org"",
  ""@type"": ""BreadcrumbList"",
  ""@id"": ""https://hilstonpark.com/blog/adventure-at-hilston-park#breadcrumb"",
  ""itemListElement"": [
    {
      ""@type"": ""ListItem"",
      ""position"": 1,
      ""name"": ""Home"",
      ""item"": ""https://hilstonpark.com/""
    },
    {
      ""@type"": ""ListItem"",
      ""position"": 2,
      ""name"": ""Blog"",
      ""item"": ""https://hilstonpark.com/blogs""
    },
    {
      ""@type"": ""ListItem"",
      ""position"": 3,
      ""name"": ""Adventure at Hilston Park"",
      ""item"": ""https://hilstonpark.com/blog/adventure-at-hilston-park""
    }
  ]
}
</script>"
,,
 Breadcrumb,https://hilstonpark.com/blog/outdoor-team-building-venue,"<script type=""application/ld+json"">
{
  ""@context"": ""https://schema.org"",
  ""@type"": ""BreadcrumbList"",
  ""@id"": ""https://hilstonpark.com/blog/outdoor-team-building-venue#breadcrumb"",
  ""itemListElement"": [
    {
      ""@type"": ""ListItem"",
      ""position"": 1,
      ""name"": ""Home"",
      ""item"": ""https://hilstonpark.com/""
    },
    {
      ""@type"": ""ListItem"",
      ""position"": 2,
      ""name"": ""Blog"",
      ""item"": ""https://hilstonpark.com/blogs""
    },
    {
      ""@type"": ""ListItem"",
      ""position"": 3,
      ""name"": ""Outdoor Team Building Venue"",
      ""item"": ""https://hilstonpark.com/blog/outdoor-team-building-venue""
    }
  ]
}
</script>"
,,
 Breadcrumb,https://hilstonpark.com/blog/teamwork-collaboration-activities,"<script type=""application/ld+json"">
{
  ""@context"": ""https://schema.org"",
  ""@type"": ""BreadcrumbList"",
  ""@id"": ""https://hilstonpark.com/blog/teamwork-collaboration-activities#breadcrumb"",
  ""itemListElement"": [
    {
      ""@type"": ""ListItem"",
      ""position"": 1,
      ""name"": ""Home"",
      ""item"": ""https://hilstonpark.com/""
    },
    {
      ""@type"": ""ListItem"",
      ""position"": 2,
      ""name"": ""Blog"",
      ""item"": ""https://hilstonpark.com/blogs""
    },
    {
      ""@type"": ""ListItem"",
      ""position"": 3,
      ""name"": ""Teamwork & Collaboration Activities"",
      ""item"": ""https://hilstonpark.com/blog/teamwork-collaboration-activities""
    }
  ]
}
</script>"
,,
 Breadcrumb,https://hilstonpark.com/blog/discover-your-inner-adventure,"<script type=""application/ld+json"">
{
  ""@context"": ""https://schema.org"",
  ""@type"": ""BreadcrumbList"",
  ""@id"": ""https://hilstonpark.com/blog/early-bird-school-trip-booking#breadcrumb"",
  ""itemListElement"": [
    {
      ""@type"": ""ListItem"",
      ""position"": 1,
      ""name"": ""Home"",
      ""item"": ""https://hilstonpark.com/""
    },
    {
      ""@type"": ""ListItem"",
      ""position"": 2,
      ""name"": ""Blog"",
      ""item"": ""https://hilstonpark.com/blogs""
    },
    {
      ""@type"": ""ListItem"",
      ""position"": 3,
      ""name"": ""Early Bird School Trip Booking"",
      ""item"": ""https://hilstonpark.com/blog/early-bird-school-trip-booking""
    }
  ]
}
</script>"
,,
,,
 Breadcrumb,https://hilstonpark.com/blog/outdoor-education-for-schools,"<script type=""application/ld+json"">
{
  ""@context"": ""https://schema.org"",
  ""@type"": ""BreadcrumbList"",
  ""@id"": ""https://hilstonpark.com/blog/outdoor-education-for-schools#breadcrumb"",
  ""itemListElement"": [
    {
      ""@type"": ""ListItem"",
      ""position"": 1,
      ""name"": ""Home"",
      ""item"": ""https://hilstonpark.com/""
    },
    {
      ""@type"": ""ListItem"",
      ""position"": 2,
      ""name"": ""Blog"",
      ""item"": ""https://hilstonpark.com/blogs""
    },
    {
      ""@type"": ""ListItem"",
      ""position"": 3,
      ""name"": ""Outdoor Education for Schools"",
      ""item"": ""https://hilstonpark.com/blog/outdoor-education-for-schools""
    }
  ]
}
</script>"
,,
,,
 Breadcrumb,https://hilstonpark.com/blog/memorable-adventure-school-trip,"<script type=""application/ld+json"">
{
  ""@context"": ""https://schema.org"",
  ""@type"": ""BreadcrumbList"",
  ""@id"": ""https://hilstonpark.com/blog/memorable-adventure-school-trip#breadcrumb"",
  ""itemListElement"": [
    {
      ""@type"": ""ListItem"",
      ""position"": 1,
      ""name"": ""Home"",
      ""item"": ""https://hilstonpark.com/""
    },
    {
      ""@type"": ""ListItem"",
      ""position"": 2,
      ""name"": ""Blog"",
      ""item"": ""https://hilstonpark.com/blogs""
    },
    {
      ""@type"": ""ListItem"",
      ""position"": 3,
      ""name"": ""Memorable Adventure School Trip"",
      ""item"": ""https://hilstonpark.com/blog/memorable-adventure-school-trip""
    }
  ]
}
</script>"
,,
,,
 Breadcrumb,https://hilstonpark.com/blog/corporate-team-building-events,"<script type=""application/ld+json"">
{
  ""@context"": ""https://schema.org"",
  ""@type"": ""BreadcrumbList"",
  ""@id"": ""https://hilstonpark.com/blog/corporate-team-building-events#breadcrumb"",
  ""itemListElement"": [
    {
      ""@type"": ""ListItem"",
      ""position"": 1,
      ""name"": ""Home"",
      ""item"": ""https://hilstonpark.com/""
    },
    {
      ""@type"": ""ListItem"",
      ""position"": 2,
      ""name"": ""Blog"",
      ""item"": ""https://hilstonpark.com/blogs""
    },
    {
      ""@type"": ""ListItem"",
      ""position"": 3,
      ""name"": ""Corporate Team Building Events"",
      ""item"": ""https://hilstonpark.com/blog/corporate-team-building-events""
    }
  ]
}
</script>"
,,
,,
 Breadcrumb,https://hilstonpark.com/blog/nature-based-learning-school-trips,"<script type=""application/ld+json"">
{
  ""@context"": ""https://schema.org"",
  ""@type"": ""BreadcrumbList"",
  ""@id"": ""https://hilstonpark.com/blog/nature-based-learning-school-trips#breadcrumb"",
  ""itemListElement"": [
    {
      ""@type"": ""ListItem"",
      ""position"": 1,
      ""name"": ""Home"",
      ""item"": ""https://hilstonpark.com/""
    },
    {
      ""@type"": ""ListItem"",
      ""position"": 2,
      ""name"": ""Blog"",
      ""item"": ""https://hilstonpark.com/blogs""
    },
    {
      ""@type"": ""ListItem"",
      ""position"": 3,
      ""name"": ""Nature Based Learning School Trips"",
      ""item"": ""https://hilstonpark.com/blog/nature-based-learning-school-trips""
    }
  ]
}
</script>"
,,
,,
 Breadcrumb,https://hilstonpark.com/blog/inspiring-young-minds-outdoor-learning,"<script type=""application/ld+json"">
{
  ""@context"": ""https://schema.org"",
  ""@type"": ""BreadcrumbList"",
  ""@id"": ""https://hilstonpark.com/blog/inspiring-young-minds-outdoor-learning#breadcrumb"",
  ""itemListElement"": [
    {
      ""@type"": ""ListItem"",
      ""position"": 1,
      ""name"": ""Home"",
      ""item"": ""https://hilstonpark.com/""
    },
    {
      ""@type"": ""ListItem"",
      ""position"": 2,
      ""name"": ""Blog"",
      ""item"": ""https://hilstonpark.com/blogs""
    },
    {
      ""@type"": ""ListItem"",
      ""position"": 3,
      ""name"": ""Inspiring Young Minds Through Outdoor Learning"",
      ""item"": ""https://hilstonpark.com/blog/inspiring-young-minds-outdoor-learning""
    }
  ]
}
</script>"
,,
,,
 Breadcrumb,https://hilstonpark.com/blog/school-adventure-experience,"<script type=""application/ld+json"">
{
  ""@context"": ""https://schema.org"",
  ""@type"": ""BreadcrumbList"",
  ""@id"": ""https://hilstonpark.com/blog/school-adventure-experience#breadcrumb"",
  ""itemListElement"": [
    {
      ""@type"": ""ListItem"",
      ""position"": 1,
      ""name"": ""Home"",
      ""item"": ""https://hilstonpark.com/""
    },
    {
      ""@type"": ""ListItem"",
      ""position"": 2,
      ""name"": ""Blog"",
      ""item"": ""https://hilstonpark.com/blogs""
    },
    {
      ""@type"": ""ListItem"",
      ""position"": 3,
      ""name"": ""School Adventure Experience"",
      ""item"": ""https://hilstonpark.com/blog/school-adventure-experience""
    }
  ]
}
</script>"
,,
https://hilstonpark.com/activity,Breadcrumb,"<script type=""application/ld+json"">
{
  ""@context"": ""https://schema.org"",
  ""@type"": ""BreadcrumbList"",
  ""itemListElement"": [
    {
      ""@type"": ""ListItem"",
      ""position"": 1,
      ""name"": ""Home"",
      ""item"": ""https://hilstonpark.com/""
    },
    {
      ""@type"": ""ListItem"",
      ""position"": 2,
      ""name"": ""Activity"",
      ""item"": ""https://hilstonpark.com/activity""
    }
  ]
}
</script>"
https://hilstonpark.com/gallery,Breadcrumb,"<script type=""application/ld+json"">
{
  ""@context"": ""https://schema.org"",
  ""@type"": ""BreadcrumbList"",
  ""itemListElement"": [
    {
      ""@type"": ""ListItem"",
      ""position"": 1,
      ""name"": ""Home"",
      ""item"": ""https://hilstonpark.com/""
    },
    {
      ""@type"": ""ListItem"",
      ""position"": 2,
      ""name"": ""Gallery"",
      ""item"": ""https://hilstonpark.com/gallery""
    }
  ]
}
</script>"
https://hilstonpark.com/contact,Breadcrumb,"<script type=""application/ld+json"">
{
  ""@context"": ""https://schema.org"",
  ""@type"": ""BreadcrumbList"",
  ""itemListElement"": [
    {
      ""@type"": ""ListItem"",
      ""position"": 1,
      ""name"": ""Home"",
      ""item"": ""https://hilstonpark.com/""
    },
    {
      ""@type"": ""ListItem"",
      ""position"": 2,
      ""name"": ""Contact"",
      ""item"": ""https://hilstonpark.com/contact""
    }
  ]
}
</script>"
https://hilstonpark.com/blogs,Breadcrumb,"<script type=""application/ld+json"">
{
  ""@context"": ""https://schema.org"",
  ""@type"": ""BreadcrumbList"",
  ""itemListElement"": [
    {
      ""@type"": ""ListItem"",
      ""position"": 1,
      ""name"": ""Home"",
      ""item"": ""https://hilstonpark.com/""
    },
    {
      ""@type"": ""ListItem"",
      ""position"": 2,
      ""name"": ""Blogs"",
      ""item"": ""https://hilstonpark.com/blogs""
    }
  ]
}
</script>"
https://hilstonpark.com/,Breadcrumb,"<script type=""application/ld+json"">
{
  ""@context"": ""https://schema.org"",
  ""@type"": ""BreadcrumbList"",
  ""@id"": ""https://hilstonpark.com/#breadcrumb"",
  ""itemListElement"": [
    {
      ""@type"": ""ListItem"",
      ""position"": 1,
      ""name"": ""Home"",
      ""item"": ""https://hilstonpark.com/""
    }
  ]
}
</script>"
https://hilstonpark.com/accommodation,Breadcrumb,"{
  ""@context"": ""https://schema.org"",
  ""@type"": ""BreadcrumbList"",
  ""@id"": ""https://hilstonpark.com/accommodation#breadcrumb"",
  ""itemListElement"": [
    {
      ""@type"": ""ListItem"",
      ""position"": 1,
      ""name"": ""Home"",
      ""item"": ""https://hilstonpark.com/""
    },
    {
      ""@type"": ""ListItem"",
      ""position"": 2,
      ""name"": ""Accommodation"",
      ""item"": ""https://hilstonpark.com/accommodation""
    }
  ]
}"
https://hilstonpark.com/educational,Breadcrumb,"{
  ""@context"": ""https://schema.org"",
  ""@type"": ""BreadcrumbList"",
  ""@id"": ""https://hilstonpark.com/educational#breadcrumb"",
  ""itemListElement"": [
    {
      ""@type"": ""ListItem"",
      ""position"": 1,
      ""name"": ""Home"",
      ""item"": ""https://hilstonpark.com/""
    },
    {
      ""@type"": ""ListItem"",
      ""position"": 2,
      ""name"": ""Educational"",
      ""item"": ""https://hilstonpark.com/educational""
    }
  ]
}"
https://hilstonpark.com/about,Breadcrumb,"{
  ""@context"": ""https://schema.org"",
  ""@type"": ""BreadcrumbList"",
  ""@id"": ""https://hilstonpark.com/about#breadcrumb"",
  ""itemListElement"": [
    {
      ""@type"": ""ListItem"",
      ""position"": 1,
      ""name"": ""Home"",
      ""item"": ""https://hilstonpark.com/""
    },
    {
      ""@type"": ""ListItem"",
      ""position"": 2,
      ""name"": ""About"",
      ""item"": ""https://hilstonpark.com/about""
    }
  ]
}"
,,
,,
,,
,,
,,
,,
,,
,,
,,
,,
,,
,,
,,
,,
,,
,,
,,
,,
,,
,,
,,
,,
,,
,,
,,
,,
,,
,,
,,
,,
,,
,,
,,
,,
,,
,,
,,
,,
,,
,,
,,
,,
,,
,,
,,
,,
,,
,,
,,
,,
,,
,,
,,
,,
,,
,,
,,
,,
,,
,,
,,
,,
,,
,,
,,
,,
,,
,,
,,
,,
,,
,,
,,
,,
,,
,,
,,
,,
,,
,,
,,
,,
,,
,,
,,
,,
,,
,,
,,
,,
,,
