Implementation area - Page Wise,Schema type,Blogs Schema Markup
,,
,,
https://hilstonpark.com/educational,Course schema,"<script type=""application/ld+json"">"
,,{
,,"  ""@context"": ""https://schema.org"","
,,"  ""@type"": ""Course"","
,,"  ""@id"": ""https://hilstonpark.com/educational/#course"","
,,"  ""name"": ""Educational Residential Outdoor Learning Programmes"","
,,"  ""description"": ""Hilston Park provides curriculum-linked outdoor learning and residential educational programmes for schools, helping pupils develop confidence, teamwork, resilience and leadership through adventure-based activities in a safe and engaging environment."","
,,"  ""url"": ""https://hilstonpark.com/educational"","
,,"  ""image"": ""https://hilstonpark.com/Logo/Hilston_Park_Logo_3_Black.png"","
,,"  ""inLanguage"": ""en-GB"","
,,"  ""courseMode"": ""InPerson"","
,,"  ""provider"": {"
,,"    ""@type"": ""EducationalOrganization"","
,,"    ""@id"": ""https://hilstonpark.com/#organization"","
,,"    ""name"": ""Hilston Park"","
,,"    ""url"": ""https://hilstonpark.com/"","
,,"    ""logo"": {"
,,"      ""@type"": ""ImageObject"","
,,"      ""url"": ""https://hilstonpark.com/Logo/Hilston_Park_Logo_3_Black.png"""
,,    }
,,"  },"
,,"  ""audience"": ["
,,    {
,,"      ""@type"": ""EducationalAudience"","
,,"      ""educationalRole"": ""Student"""
,,"    },"
,,    {
,,"      ""@type"": ""EducationalAudience"","
,,"      ""educationalRole"": ""Teacher"""
,,    }
,,"  ],"
,,"  ""educationalLevel"": ["
,,"    ""KS2 (Ages 8–11)"","
,,"    ""KS3 (Ages 11–14)"","
,,"    ""KS4 (Ages 14–16)"","
,,"    ""Post-16"""
,,"  ],"
,,"  ""teaches"": ["
,,"    ""Outdoor Learning"","
,,"    ""Adventure Education"","
,,"    ""Team Building"","
,,"    ""Leadership"","
,,"    ""Communication Skills"","
,,"    ""Confidence Building"","
,,"    ""Problem Solving"","
,,"    ""Resilience"","
,,"    ""Bushcraft"","
,,"    ""Environmental Education"""
,,"  ],"
,,"  ""about"": ["
,,    {
,,"      ""@type"": ""Thing"","
,,"      ""name"": ""Outdoor Learning"""
,,"    },"
,,    {
,,"      ""@type"": ""Thing"","
,,"      ""name"": ""Residential School Trips"""
,,"    },"
,,    {
,,"      ""@type"": ""Thing"","
,,"      ""name"": ""Adventure Activities"""
,,"    },"
,,    {
,,"      ""@type"": ""Thing"","
,,"      ""name"": ""Team Building"""
,,"    },"
,,    {
,,"      ""@type"": ""Thing"","
,,"      ""name"": ""Personal Development"""
,,    }
,,"  ],"
,,"  ""hasCourseInstance"": {"
,,"    ""@type"": ""CourseInstance"","
,,"    ""courseMode"": ""InPerson"","
,,"    ""location"": {"
,,"      ""@type"": ""Place"","
,,"      ""name"": ""Hilston Park"","
,,"      ""address"": {"
,,"        ""@type"": ""PostalAddress"","
,,"        ""addressCountry"": ""GB"""
,,      }
,,    }
,,"  },"
,,"  ""keywords"": ["
,,"    ""School Residential Trips"","
,,"    ""Outdoor Education"","
,,"    ""Educational Visits"","
,,"    ""KS2 Residential"","
,,"    ""KS3 Outdoor Learning"","
,,"    ""KS4 Residential"","
,,"    ""College Residential Trips"","
,,"    ""Adventure Education"","
,,"    ""School Activity Centre"""
,,  ]
,,}
,,</script>
,,
,,
https://hilstonpark.com/event,Events schema,"<script type=""application/ld+json"">"
,,{
,,"  ""@context"": ""https://schema.org"","
,,"  ""@type"": ""ItemList"","
,,"  ""@id"": ""https://hilstonpark.com/event#event-list"","
,,"  ""name"": ""Outdoor Events at Hilston Park"","
,,"  ""description"": ""Explore outdoor corporate events, team building experiences, wellbeing retreats, private group stays, and health & wellbeing residentials at Hilston Park in the Wye Valley."","
,,"  ""url"": ""https://hilstonpark.com/event"","
,,"  ""itemListElement"": ["
,,    {
,,"      ""@type"": ""ListItem"","
,,"      ""position"": 1,"
,,"      ""item"": {"
,,"        ""@type"": ""Event"","
,,"        ""@id"": ""https://hilstonpark.com/event#outdoor-corporate-events"","
,,"        ""name"": ""Outdoor Corporate Events"","
,,"        ""description"": ""Take your team out of the office to an environment that improves mental health. Hilston Park makes corporate events stress-free by handling the space, accommodation, activities, and catering."","
,,"        ""eventAttendanceMode"": ""https://schema.org/OfflineEventAttendanceMode"","
,,"        ""eventStatus"": ""https://schema.org/EventScheduled"","
,,"        ""location"": {"
,,"          ""@type"": ""Place"","
,,"          ""name"": ""Hilston Park"","
,,"          ""address"": {"
,,"            ""@type"": ""PostalAddress"","
,,"            ""streetAddress"": ""Hilston Park"","
,,"            ""addressRegion"": ""Monmouthshire"","
,,"            ""addressCountry"": ""GB"""
,,          }
,,"        },"
,,"        ""organizer"": {"
,,"          ""@type"": ""Organization"","
,,"          ""name"": ""Hilston Park"","
,,"          ""url"": ""https://hilstonpark.com/"""
,,"        },"
,,"        ""image"": ""https://hilstonpark.com/Logo/Hilston_Park_Logo_3_Black.png"","
,,"        ""url"": ""https://hilstonpark.com/event"""
,,      }
,,"    },"
,,    {
,,"      ""@type"": ""ListItem"","
,,"      ""position"": 2,"
,,"      ""item"": {"
,,"        ""@type"": ""Event"","
,,"        ""@id"": ""https://hilstonpark.com/event#outdoor-team-building-events"","
,,"        ""name"": ""Outdoor Team Building Events"","
,,"        ""description"": ""Enhance workplace collaboration through adventurous outdoor challenges, group problem-solving tasks, and hands-on activities safely hosted in the landscapes of the Wye Valley."","
,,"        ""eventAttendanceMode"": ""https://schema.org/OfflineEventAttendanceMode"","
,,"        ""eventStatus"": ""https://schema.org/EventScheduled"","
,,"        ""location"": {"
,,"          ""@type"": ""Place"","
,,"          ""name"": ""Hilston Park"","
,,"          ""address"": {"
,,"            ""@type"": ""PostalAddress"","
,,"            ""streetAddress"": ""Hilston Park"","
,,"            ""addressRegion"": ""Monmouthshire"","
,,"            ""addressCountry"": ""GB"""
,,          }
,,"        },"
,,"        ""organizer"": {"
,,"          ""@type"": ""Organization"","
,,"          ""name"": ""Hilston Park"","
,,"          ""url"": ""https://hilstonpark.com/"""
,,"        },"
,,"        ""image"": ""https://hilstonpark.com/Logo/Hilston_Park_Logo_3_Black.png"","
,,"        ""url"": ""https://hilstonpark.com/event"""
,,      }
,,"    },"
,,    {
,,"      ""@type"": ""ListItem"","
,,"      ""position"": 3,"
,,"      ""item"": {"
,,"        ""@type"": ""Event"","
,,"        ""name"": ""Wellbeing Retreats"","
,,"        ""@id"": ""https://hilstonpark.com/event#wellbeing-retreats"","
,,"        ""description"": ""A quieter, more intentional event in a rural setting. Use the grounds and indoor spaces at Hilston Park for wellness programmes, mindfulness sessions, or leadership development days."","
,,"        ""eventAttendanceMode"": ""https://schema.org/OfflineEventAttendanceMode"","
,,"        ""eventStatus"": ""https://schema.org/EventScheduled"","
,,"        ""location"": {"
,,"          ""@type"": ""Place"","
,,"          ""name"": ""Hilston Park"","
,,"          ""address"": {"
,,"            ""@type"": ""PostalAddress"","
,,"            ""streetAddress"": ""Hilston Park"","
,,"            ""addressRegion"": ""Monmouthshire"","
,,"            ""addressCountry"": ""GB"""
,,          }
,,"        },"
,,"        ""organizer"": {"
,,"          ""@type"": ""Organization"","
,,"          ""name"": ""Hilston Park"","
,,"          ""url"": ""https://hilstonpark.com/"""
,,"        },"
,,"        ""image"": ""https://hilstonpark.com/Logo/Hilston_Park_Logo_3_Black.png"","
,,"        ""url"": ""https://hilstonpark.com/event"""
,,      }
,,"    },"
,,    {
,,"      ""@type"": ""ListItem"","
,,"      ""position"": 4,"
,,"      ""item"": {"
,,"        ""@type"": ""Event"","
,,"        ""name"": ""Private Group Stays"","
,,"        ""@id"": ""https://hilstonpark.com/event#private-group-stays"","
,,"        ""description"": ""Birthdays, reunions, and celebration weekends at Hilston Park with sleeping, dining, outdoor space, and activities combined in one location."","
,,"        ""eventAttendanceMode"": ""https://schema.org/OfflineEventAttendanceMode"","
,,"        ""eventStatus"": ""https://schema.org/EventScheduled"","
,,"        ""location"": {"
,,"          ""@type"": ""Place"","
,,"          ""name"": ""Hilston Park"","
,,"          ""address"": {"
,,"            ""@type"": ""PostalAddress"","
,,"            ""streetAddress"": ""Hilston Park"","
,,"            ""addressRegion"": ""Monmouthshire"","
,,"            ""addressCountry"": ""GB"""
,,          }
,,"        },"
,,"        ""organizer"": {"
,,"          ""@type"": ""Organization"","
,,"          ""name"": ""Hilston Park"","
,,"          ""url"": ""https://hilstonpark.com/"""
,,"        },"
,,"        ""image"": ""https://hilstonpark.com/Logo/Hilston_Park_Logo_3_Black.png"","
,,"        ""url"": ""https://hilstonpark.com/event"""
,,      }
,,"    },"
,,    {
,,"      ""@type"": ""ListItem"","
,,"      ""position"": 5,"
,,"      ""item"": {"
,,"        ""@type"": ""Event"","
,,"        ""name"": ""Health & Wellbeing Residentials"","
,,"        ""@id"": ""https://hilstonpark.com/event#health-wellbeing-residentials"","
,,"        ""description"": ""Plan a day or week-long rural retreat for structured wellbeing programmes or self-organised group stays at Hilston Park."","
,,"        ""eventAttendanceMode"": ""https://schema.org/OfflineEventAttendanceMode"","
,,"        ""eventStatus"": ""https://schema.org/EventScheduled"","
,,"        ""location"": {"
,,"          ""@type"": ""Place"","
,,"          ""name"": ""Hilston Park"","
,,"          ""address"": {"
,,"            ""@type"": ""PostalAddress"","
,,"            ""streetAddress"": ""Hilston Park"","
,,"            ""addressRegion"": ""Monmouthshire"","
,,"            ""addressCountry"": ""GB"""
,,          }
,,"        },"
,,"        ""organizer"": {"
,,"          ""@type"": ""Organization"","
,,"          ""name"": ""Hilston Park"","
,,"          ""url"": ""https://hilstonpark.com/"""
,,"        },"
,,"        ""image"": ""https://hilstonpark.com/Logo/Hilston_Park_Logo_3_Black.png"","
,,"        ""url"": ""https://hilstonpark.com/event"""
,,      }
,,    }
,,  ]
,,}
,,</script>
,,
,,
https://hilstonpark.com/activity,Activity schema,"<script type=""application/ld+json"">"
,,{
,,"  ""@context"": ""https://schema.org"","
,,"  ""@type"": ""ItemList"","
,,"  ""@id"": ""https://hilstonpark.com/activity#activities"","
,,"  ""name"": ""Outdoor Activities at Hilston Park"","
,,"  ""description"": ""Explore outdoor adventure activities at Hilston Park including high ropes challenges, water activities, bushcraft skills, survival experiences, and group bonding activities designed for schools, groups, and team development."","
,,"  ""url"": ""https://hilstonpark.com/activity"","
,,"  ""itemListElement"": ["
,,    {
,,"      ""@type"": ""ListItem"","
,,"      ""position"": 1,"
,,"      ""name"": ""High Ropes & Team Challenges"","
,,"      ""item"": {"
,,"        ""@type"": ""Service"","
,,"        ""name"": ""High Ropes & Team Challenges"","
,,"        ""description"": ""Adventure-based outdoor challenges including Jacob’s Ladder, Leap of Faith, Gladiator Challenge, ropes courses, balance activities, and climbing experiences designed to improve teamwork, confidence, communication, and problem-solving skills."","
,,"        ""provider"": {"
,,"          ""@type"": ""LocalBusiness"","
,,"          ""name"": ""Hilston Park"","
,,"          ""url"": ""https://hilstonpark.com/"","
,,"          ""logo"": ""https://hilstonpark.com/Logo/Hilston_Park_Logo_3_Black.png"""
,,        }
,,      }
,,"    },"
,,    {
,,"      ""@type"": ""ListItem"","
,,"      ""position"": 2,"
,,"      ""name"": ""Jacob’s Ladder"","
,,"      ""item"": {"
,,"        ""@type"": ""Service"","
,,"        ""name"": ""Jacob’s Ladder"","
,,"        ""description"": ""A climbing challenge where groups rely on teamwork, balance, and communication to help each other reach the top."""
,,      }
,,"    },"
,,    {
,,"      ""@type"": ""ListItem"","
,,"      ""position"": 3,"
,,"      ""name"": ""Leap of Faith"","
,,"      ""item"": {"
,,"        ""@type"": ""Service"","
,,"        ""name"": ""Leap of Faith"","
,,"        ""description"": ""A confidence-building challenge where participants climb to a height before completing a controlled jump designed to develop trust and personal achievement."""
,,      }
,,"    },"
,,    {
,,"      ""@type"": ""ListItem"","
,,"      ""position"": 4,"
,,"      ""name"": ""Gladiator Challenge"","
,,"      ""item"": {"
,,"        ""@type"": ""Service"","
,,"        ""name"": ""Gladiator Challenge"","
,,"        ""description"": ""Competitive outdoor activities focused on teamwork, communication, quick decision-making, and group problem-solving."""
,,      }
,,"    },"
,,    {
,,"      ""@type"": ""ListItem"","
,,"      ""position"": 5,"
,,"      ""name"": ""High & Low Ropes Courses"","
,,"      ""item"": {"
,,"        ""@type"": ""Service"","
,,"        ""name"": ""High & Low Ropes Courses"","
,,"        ""description"": ""Obstacle-based rope activities designed to improve confidence, coordination, focus, and communication through different challenge levels."""
,,      }
,,"    },"
,,    {
,,"      ""@type"": ""ListItem"","
,,"      ""position"": 6,"
,,"      ""name"": ""Balance Beam"","
,,"      ""item"": {"
,,"        ""@type"": ""Service"","
,,"        ""name"": ""Balance Beam"","
,,"        ""description"": ""A teamwork activity that develops balance, concentration, and group support skills."""
,,      }
,,"    },"
,,    {
,,"      ""@type"": ""ListItem"","
,,"      ""position"": 7,"
,,"      ""name"": ""Climbing"","
,,"      ""item"": {"
,,"        ""@type"": ""Service"","
,,"        ""name"": ""Climbing"","
,,"        ""description"": ""Instructor-led climbing sessions helping participants develop confidence, determination, and problem-solving skills through outdoor challenges."""
,,      }
,,"    },"
,,    {
,,"      ""@type"": ""ListItem"","
,,"      ""position"": 8,"
,,"      ""name"": ""Canoeing"","
,,"      ""item"": {"
,,"        ""@type"": ""Service"","
,,"        ""name"": ""Canoeing"","
,,"        ""description"": ""A guided water activity where groups paddle together while developing teamwork, coordination, and communication skills."""
,,      }
,,"    },"
,,    {
,,"      ""@type"": ""ListItem"","
,,"      ""position"": 9,"
,,"      ""name"": ""Paddle Boarding"","
,,"      ""item"": {"
,,"        ""@type"": ""Service"","
,,"        ""name"": ""Paddle Boarding"","
,,"        ""description"": ""A supervised outdoor water activity focused on balance, confidence, and enjoying an active experience on the water."""
,,      }
,,"    },"
,,    {
,,"      ""@type"": ""ListItem"","
,,"      ""position"": 10,"
,,"      ""name"": ""Raft Building"","
,,"      ""item"": {"
,,"        ""@type"": ""Service"","
,,"        ""name"": ""Raft Building"","
,,"        ""description"": ""A teamwork challenge where groups design, build, and test their own raft using communication, planning, and problem-solving."""
,,      }
,,"    },"
,,    {
,,"      ""@type"": ""ListItem"","
,,"      ""position"": 11,"
,,"      ""name"": ""Bushcraft Skills"","
,,"      ""item"": {"
,,"        ""@type"": ""Service"","
,,"        ""name"": ""Bushcraft Skills"","
,,"        ""description"": ""Hands-on outdoor learning sessions teaching survival skills, teamwork, confidence, and practical knowledge in natural surroundings."""
,,      }
,,"    },"
,,    {
,,"      ""@type"": ""ListItem"","
,,"      ""position"": 12,"
,,"      ""name"": ""Rope Rescue"","
,,"      ""item"": {"
,,"        ""@type"": ""Service"","
,,"        ""name"": ""Rope Rescue"","
,,"        ""description"": ""A technical outdoor challenge involving controlled rescue exercises that develop teamwork, communication, and problem-solving."""
,,      }
,,"    },"
,,    {
,,"      ""@type"": ""ListItem"","
,,"      ""position"": 13,"
,,"      ""name"": ""Mountaineering"","
,,"      ""item"": {"
,,"        ""@type"": ""Service"","
,,"        ""name"": ""Mountaineering"","
,,"        ""description"": ""Outdoor climbing and walking experiences designed to build resilience, teamwork, and confidence across changing terrain."""
,,      }
,,"    },"
,,    {
,,"      ""@type"": ""ListItem"","
,,"      ""position"": 14,"
,,"      ""name"": ""Night Hikes"","
,,"      ""item"": {"
,,"        ""@type"": ""Service"","
,,"        ""name"": ""Night Hikes"","
,,"        ""description"": ""Guided evening outdoor walks encouraging awareness, communication, teamwork, and exploration after dark."""
,,      }
,,"    },"
,,    {
,,"      ""@type"": ""ListItem"","
,,"      ""position"": 15,"
,,"      ""name"": ""Designated Camping Areas"","
,,"      ""item"": {"
,,"        ""@type"": ""Service"","
,,"        ""name"": ""Designated Camping Areas"","
,,"        ""description"": ""Outdoor camping spaces providing opportunities for shared group experiences and connection with nature."""
,,      }
,,"    },"
,,    {
,,"      ""@type"": ""ListItem"","
,,"      ""position"": 16,"
,,"      ""name"": ""Campfire Experiences"","
,,"      ""item"": {"
,,"        ""@type"": ""Service"","
,,"        ""name"": ""Campfire Experiences"","
,,"        ""description"": ""Relaxed evening gatherings allowing groups to unwind, share stories, and spend quality time together after outdoor activities."""
,,      }
,,    }
,,  ]
,,}
,,</script>
,,
,,
https://hilstonpark.com/accommodation,Accomodation schema,"<script type=""application/ld+json"">"
,,{
,,"  ""@context"": ""https://schema.org"","
,,"  ""@type"": ""LodgingBusiness"","
,,"  ""@id"": ""https://hilstonpark.com/accommodation#lodgingbusiness"","
,,"  ""name"": ""Hilston Park Accommodation"","
,,"  ""description"": ""Stay at Hilston Park with a range of countryside accommodation options including cosy king rooms, garden view rooms, family rooms, group bunk rooms, exclusive house hire and a private gatehouse lodge."","
,,"  ""url"": ""https://hilstonpark.com/accommodation"","
,,"  ""logo"": ""https://hilstonpark.com/Logo/Hilston_Park_Logo_3_Black.png"","
,,"  ""image"": ""https://hilstonpark.com/Logo/Hilston_Park_Logo_3_Black.png"","
,,"  ""address"": {"
,,"    ""@type"": ""PostalAddress"","
,,"    ""streetAddress"": ""Hilston Park"","
,,"    ""addressCountry"": ""GB"""
,,"  },"
,,"  ""amenityFeature"": ["
,,    {
,,"      ""@type"": ""LocationFeatureSpecification"","
,,"      ""name"": ""Countryside accommodation"","
,,"      ""value"": true"
,,"    },"
,,    {
,,"      ""@type"": ""LocationFeatureSpecification"","
,,"      ""name"": ""Family friendly accommodation"","
,,"      ""value"": true"
,,"    },"
,,    {
,,"      ""@type"": ""LocationFeatureSpecification"","
,,"      ""name"": ""Group accommodation"","
,,"      ""value"": true"
,,    }
,,"  ],"
,,"  ""containsPlace"": ["
,,    {
,,"      ""@type"": ""Accommodation"","
,,"      ""name"": ""Cosy King Room"","
,,"      ""description"": ""A comfortable king-bedded room tucked within the Manor House, ideal for couples seeking a peaceful countryside escape."","
,,"      ""occupancy"": {"
,,"        ""@type"": ""QuantitativeValue"","
,,"        ""maxValue"": 4"
,,"      },"
,,"      ""amenityFeature"": ["
,,        {
,,"          ""@type"": ""LocationFeatureSpecification"","
,,"          ""name"": ""King-size bed"","
,,"          ""value"": true"
,,"        },"
,,        {
,,"          ""@type"": ""LocationFeatureSpecification"","
,,"          ""name"": ""En-suite or private bathroom"","
,,"          ""value"": true"
,,"        },"
,,        {
,,"          ""@type"": ""LocationFeatureSpecification"","
,,"          ""name"": ""Estate views"","
,,"          ""value"": true"
,,        }
,,      ]
,,"    },"
,,    {
,,"      ""@type"": ""Accommodation"","
,,"      ""name"": ""Double Garden View Room"","
,,"      ""description"": ""A bright double room overlooking the gardens and grounds, ideal for relaxing countryside stays."","
,,"      ""occupancy"": {"
,,"        ""@type"": ""QuantitativeValue"","
,,"        ""maxValue"": 2"
,,"      },"
,,"      ""amenityFeature"": ["
,,        {
,,"          ""@type"": ""LocationFeatureSpecification"","
,,"          ""name"": ""Double bed"","
,,"          ""value"": true"
,,"        },"
,,        {
,,"          ""@type"": ""LocationFeatureSpecification"","
,,"          ""name"": ""Garden views"","
,,"          ""value"": true"
,,"        },"
,,        {
,,"          ""@type"": ""LocationFeatureSpecification"","
,,"          ""name"": ""En-suite"","
,,"          ""value"": true"
,,        }
,,      ]
,,"    },"
,,    {
,,"      ""@type"": ""Accommodation"","
,,"      ""name"": ""Large Double Garden View Room"","
,,"      ""description"": ""A spacious garden-view room offering extra comfort for guests enjoying longer countryside stays."","
,,"      ""occupancy"": {"
,,"        ""@type"": ""QuantitativeValue"","
,,"        ""maxValue"": 6"
,,"      },"
,,"      ""amenityFeature"": ["
,,        {
,,"          ""@type"": ""LocationFeatureSpecification"","
,,"          ""name"": ""Large double bed"","
,,"          ""value"": true"
,,"        },"
,,        {
,,"          ""@type"": ""LocationFeatureSpecification"","
,,"          ""name"": ""Seating area"","
,,"          ""value"": true"
,,"        },"
,,        {
,,"          ""@type"": ""LocationFeatureSpecification"","
,,"          ""name"": ""Garden outlook"","
,,"          ""value"": true"
,,        }
,,      ]
,,"    },"
,,    {
,,"      ""@type"": ""Accommodation"","
,,"      ""name"": ""Family Room"","
,,"      ""description"": ""A flexible family room designed for parents and children staying together during countryside activity breaks."","
,,"      ""occupancy"": {"
,,"        ""@type"": ""QuantitativeValue"","
,,"        ""maxValue"": 4"
,,"      },"
,,"      ""amenityFeature"": ["
,,        {
,,"          ""@type"": ""LocationFeatureSpecification"","
,,"          ""name"": ""Family suite"","
,,"          ""value"": true"
,,"        },"
,,        {
,,"          ""@type"": ""LocationFeatureSpecification"","
,,"          ""name"": ""En-suite"","
,,"          ""value"": true"
,,"        },"
,,        {
,,"          ""@type"": ""LocationFeatureSpecification"","
,,"          ""name"": ""Child friendly"","
,,"          ""value"": true"
,,        }
,,      ]
,,"    },"
,,    {
,,"      ""@type"": ""Accommodation"","
,,"      ""name"": ""Dormitory / Group Bunk Rooms"","
,,"      ""description"": ""Shared accommodation designed for schools, youth groups and larger parties staying together at Hilston Park."","
,,"      ""occupancy"": {"
,,"        ""@type"": ""QuantitativeValue"","
,,"        ""maxValue"": 13"
,,"      },"
,,"      ""amenityFeature"": ["
,,        {
,,"          ""@type"": ""LocationFeatureSpecification"","
,,"          ""name"": ""Bunk beds"","
,,"          ""value"": true"
,,"        },"
,,        {
,,"          ""@type"": ""LocationFeatureSpecification"","
,,"          ""name"": ""Separate facilities for boys and girls"","
,,"          ""value"": true"
,,"        },"
,,        {
,,"          ""@type"": ""LocationFeatureSpecification"","
,,"          ""name"": ""Staff supervision rooms"","
,,"          ""value"": true"
,,        }
,,      ]
,,"    },"
,,    {
,,"      ""@type"": ""Accommodation"","
,,"      ""name"": ""Exclusive Use of House"","
,,"      ""description"": ""Private hire of the Manor House for celebrations, family gatherings and multi-day group stays."","
,,"      ""occupancy"": {"
,,"        ""@type"": ""QuantitativeValue"","
,,"        ""maxValue"": 40"
,,"      },"
,,"      ""amenityFeature"": ["
,,        {
,,"          ""@type"": ""LocationFeatureSpecification"","
,,"          ""name"": ""Entire house access"","
,,"          ""value"": true"
,,"        },"
,,        {
,,"          ""@type"": ""LocationFeatureSpecification"","
,,"          ""name"": ""Private estate access"","
,,"          ""value"": true"
,,"        },"
,,        {
,,"          ""@type"": ""LocationFeatureSpecification"","
,,"          ""name"": ""Event support available"","
,,"          ""value"": true"
,,        }
,,      ]
,,"    },"
,,    {
,,"      ""@type"": ""Accommodation"","
,,"      ""name"": ""Gatehouse"","
,,"      ""description"": ""A private self-contained lodge at the entrance of the Hilston Park estate, ideal for couples and small families."","
,,"      ""amenityFeature"": ["
,,        {
,,"          ""@type"": ""LocationFeatureSpecification"","
,,"          ""name"": ""Private entrance"","
,,"          ""value"": true"
,,"        },"
,,        {
,,"          ""@type"": ""LocationFeatureSpecification"","
,,"          ""name"": ""Self-contained lodge"","
,,"          ""value"": true"
,,"        },"
,,        {
,,"          ""@type"": ""LocationFeatureSpecification"","
,,"          ""name"": ""Countryside views"","
,,"          ""value"": true"
,,        }
,,      ]
,,    }
,,  ]
,,}
,,</script>
,,
,,
https://hilstonpark.com/about,Video schema,"<script type=""application/ld+json"">"
,,{
,,"  ""@context"": ""https://schema.org"","
,,"  ""@type"": ""VideoObject"","
,,"  ""@id"": ""https://hilstonpark.com/about#video"","
,,"  ""name"": ""Discover Hilston Park"","
,,"  ""description"": ""Explore Hilston Park, a historic countryside estate offering outdoor adventures, activities, accommodation and unique experiences in the heart of Wales."","
,,"  ""thumbnailUrl"": ""https://hilstonpark.com/Logo/Hilston_Park_Logo_3_Black.png"","
,,"  ""uploadDate"": ""2026-06-20"","
,,"  ""contentUrl"": ""https://hilstonpark.com/Videos/about-hero-web.mp4"","
,,"  ""embedUrl"": ""https://hilstonpark.com/about"","
,,"  ""publisher"": {"
,,"    ""@type"": ""Organization"","
,,"    ""name"": ""Hilston Park"","
,,"    ""url"": ""https://hilstonpark.com/"","
,,"    ""logo"": {"
,,"      ""@type"": ""ImageObject"","
,,"      ""url"": ""https://hilstonpark.com/Logo/Hilston_Park_Logo_3_Black.png"""
,,    }
,,"  },"
,,"  ""isPartOf"": {"
,,"    ""@type"": ""WebPage"","
,,"    ""@id"": ""https://hilstonpark.com/about"","
,,"    ""name"": ""About Hilston Park"""
,,  }
,,}
,,</script>
,,
,,
https://hilstonpark.com/educational,Video schema,"<script type=""application/ld+json"">"
,,{
,,"  ""@context"": ""https://schema.org"","
,,"  ""@type"": ""VideoObject"","
,,"  ""@id"": ""https://hilstonpark.com/educational#video"","
,,"  ""name"": ""Educational Trips and Outdoor Learning at Hilston Park"","
,,"  ""description"": ""Discover educational residential trips and outdoor learning experiences at Hilston Park. Students can develop confidence, teamwork, resilience and practical skills through engaging outdoor activities."","
,,"  ""thumbnailUrl"": ""https://hilstonpark.com/Logo/Hilston_Park_Logo_3_Black.png"","
,,"  ""uploadDate"": ""2026-07-20"","
,,"  ""contentUrl"": ""https://hilstonpark.com/Videos/educational-hero-web.mp4"","
,,"  ""embedUrl"": ""https://hilstonpark.com/educational"","
,,"  ""duration"": ""PT1M"","
,,"  ""publisher"": {"
,,"    ""@type"": ""Organization"","
,,"    ""@id"": ""https://hilstonpark.com/#organization"","
,,"    ""name"": ""Hilston Park"","
,,"    ""logo"": {"
,,"      ""@type"": ""ImageObject"","
,,"      ""url"": ""https://hilstonpark.com/Logo/Hilston_Park_Logo_3_Black.png"""
,,    }
,,"  },"
,,"  ""isPartOf"": {"
,,"    ""@type"": ""WebPage"","
,,"    ""@id"": ""https://hilstonpark.com/educational"","
,,"    ""name"": ""Educational Trips at Hilston Park"""
,,"  },"
,,"  ""about"": {"
,,"    ""@type"": ""EducationalOrganization"","
,,"    ""name"": ""Hilston Park"","
,,"    ""description"": ""Outdoor education centre offering school trips, residential experiences and activity-based learning."""
,,  }
,,}
,,</script>
,,
,,
https://hilstonpark.com/accommodation,Video schema,"<script type=""application/ld+json"">"
,,{
,,"  ""@context"": ""https://schema.org"","
,,"  ""@type"": ""VideoObject"","
,,"  ""@id"": ""https://hilstonpark.com/accommodation#video"","
,,"  ""name"": ""Hilston Park Accommodation"","
,,"  ""description"": ""Explore accommodation options at Hilston Park, including cosy king rooms, garden view rooms, family rooms, group bunk rooms, exclusive house hire and the private Gatehouse lodge set within the beautiful Welsh countryside."","
,,"  ""thumbnailUrl"": ["
,,"    ""https://hilstonpark.com/Logo/Hilston_Park_Logo_3_Black.png"""
,,"  ],"
,,"  ""uploadDate"": ""2026-07-20"","
,,"  ""contentUrl"": ""https://hilstonpark.com/Videos/accommodation-hero-web.mp4"","
,,"  ""embedUrl"": ""https://hilstonpark.com/accommodation"","
,,"  ""duration"": ""PT1M"","
,,"  ""publisher"": {"
,,"    ""@type"": ""Organization"","
,,"    ""name"": ""Hilston Park"","
,,"    ""logo"": {"
,,"      ""@type"": ""ImageObject"","
,,"      ""url"": ""https://hilstonpark.com/Logo/Hilston_Park_Logo_3_Black.png"""
,,    }
,,"  },"
,,"  ""mainEntityOfPage"": {"
,,"    ""@type"": ""WebPage"","
,,"    ""@id"": ""https://hilstonpark.com/accommodation"""
,,"  },"
,,"  ""about"": {"
,,"    ""@type"": ""LodgingBusiness"","
,,"    ""name"": ""Hilston Park Accommodation"","
,,"    ""url"": ""https://hilstonpark.com/accommodation"""
,,  }
,,}
,,</script>
,,
,,
https://hilstonpark.com/event,Video schema,"<script type=""application/ld+json"">"
,,{
,,"  ""@context"": ""https://schema.org"","
,,"  ""@type"": ""VideoObject"","
,,"  ""@id"": ""https://hilstonpark.com/event#hero-video"","
,,"  ""name"": ""Events at Hilston Park"","
,,"  ""description"": ""Discover unforgettable events at Hilston Park, a countryside venue offering unique experiences, celebrations, group gatherings and outdoor adventures in a beautiful estate setting."","
,,"  ""thumbnailUrl"": ""https://hilstonpark.com/Logo/Hilston_Park_Logo_3_Black.png"","
,,"  ""uploadDate"": ""2026-01-01"","
,,"  ""contentUrl"": ""https://hilstonpark.com/Videos/events-hero-web.mp4"","
,,"  ""embedUrl"": ""https://hilstonpark.com/event"","
,,"  ""publisher"": {"
,,"    ""@type"": ""Organization"","
,,"    ""name"": ""Hilston Park"","
,,"    ""logo"": {"
,,"      ""@type"": ""ImageObject"","
,,"      ""url"": ""https://hilstonpark.com/Logo/Hilston_Park_Logo_3_Black.png"""
,,    }
,,"  },"
,,"  ""isPartOf"": {"
,,"    ""@type"": ""WebPage"","
,,"    ""@id"": ""https://hilstonpark.com/event"","
,,"    ""name"": ""Events at Hilston Park"""
,,"  },"
,,"  ""about"": {"
,,"    ""@type"": ""Place"","
,,"    ""name"": ""Hilston Park"","
,,"    ""description"": ""A countryside venue offering event experiences, group stays and outdoor activities."""
,,  }
,,}
,,</script>
